,text,username,hashtags
0,Criticize but offer not real solution. That's the GOP MO since Obama came into office @bonhomme37 @ron_fournier,Joe vs the Fascist Volcano,[]
1,Photo by @krazen #HOODROCK2 with #JayBraun Dylan Terggart + Tom Wilson + Max Calkin + Obama Isaiahâ€¦ https://instagram.com/p/3J9hfWqb25/Â ,YJ aka Young Jimmy,"['HOODROCK2', 'JayBraun']"
2,Photo by @krazen #HOODROCK2 with #JayBraun Dylan Terggart + Tom Wilson + Max Calkin + Obama Isaiahâ€¦ https://instagram.com/p/3J9K6Fqb2R/Â ,YJ aka Young Jimmy,"['HOODROCK2', 'JayBraun']"
3,Photo by @krazen #HOODROCK2 with #JayBraun Dylan Terggart + Tom Wilson + Max Calkin + Obama Isaiahâ€¦ https://instagram.com/p/3J88x3qb1t/Â ,YJ aka Young Jimmy,"['HOODROCK2', 'JayBraun']"
4,Photo by @krazen #HOODROCK2 with #JayBraun Dylan Terggart + Tom Wilson + Max Calkin + Obama Isaiahâ€¦ https://instagram.com/p/3J82cOKb1e/Â ,YJ aka Young Jimmy,"['HOODROCK2', 'JayBraun']"
5,Recording #HOODROCK2 with #JayBraun Dylan Terggart + Tom Wilson + Max Calkin + Obama Isaiahâ€¦ https://instagram.com/p/3J8vNsqb1K/Â ,YJ aka Young Jimmy,"['HOODROCK2', 'JayBraun']"
6,"If you think that Obama is
doing a good job,""then you
should think again"".",Jeff Scott Smith,[]
7,"In Rhode Island, residents gush about paid family leave: President Barack Obama is making a renewed push forâ€¦ http://newyork.cityandpress.com/node/9632054Â ",New York Now,[]
8,The â€˜Riseâ€™ of Obamaâ€™s My Brotherâ€™s Keeper initiative - The Washington Post http://www.washingtonpost.com/blogs/post-partisan/wp/2015/05/20/the-rise-of-obamas-my-brothers-keeper-initiative/Â â€¦,Leon Dash,[]
9,.@_AllisonWood we already have @BarackObama's voice in 3D and would love to see @REIFY_nyc's work! https://sketchfab.com/models/ce314b05f6fb40dda7cfb2b130f478f8Â â€¦ tx @amrbss,Sketchfab,[]
10,@BarackObama barack all i do at home is design i dont even hang out i  dont have a gun http://im.wiling.toÂ  take a lie detector testjudy,angelica disalvatore,[]
11,@BarackObama barack people want to lock me up for things i havent done  im innocent i dont leave my house designing judyschiller,angelica disalvatore,[]
12,bueno llego #obama @leruffo #809lounge #nyc @leruffo @ 809 Bar & Grill https://instagram.com/p/3DRzlIltju/Â ,LERUFFO,"['obama', '809lounge', 'nyc']"
13,@BarackObama barack i got blocked againunblock me please judy capone judy soprano@judyschilller13,angelica disalvatore,[]
14,@WRadioColombia este Obama es peor que Santos ! Lo bueno es que ya se va de presidente en cambio a Santos nos toca aguantarlo por 3 aÃ±os mas,Jackie DÃ­az,[]
15,@BarackObama its judyschiller capone i got blocked again help im not doing nothing wrong,angelica disalvatore,[]
16,@BarackObama barack im giving some real important information on twitter and i got blocked again can you unblock me,angelica disalvatore,[]
17,"Barack Obama, il suo account Twitter in balia degli haters: â€œScimmia, torna nella gabbiaâ€. Il New Yorkâ€¦ http://in.diggita.it/9xL9gsÂ  #newyork",New York 24 ore,['newyork']
18,@BarackObama barack i havent done nothing wrong to go to jail ask a psychic,angelica disalvatore,[]
19,"If your defense is ""Good people make mistakes"" you forfeit the right to bitch about petty shit Hillary or Obama did, you cantankerous hack",Joe vs the Fascist Volcano,[]
20,RT @TeresaKopec It's as if the economic crash started the day Obama took office & not as the end of 8yrs of GOP control of White House.,Nick,[]
21,Jesus IS my king not obama,MichaelUfie,[]
22,"That is your dream, Ex.Gov.Granholm, that President.Obama  will pull out. You and Fareed Zakaria dream and dream,but  he will be out.",VENKAT M,[]
23,â€œ@michelleinbklyn: Herman Cain is brilliant at filling up his time without saying anything whatsoever.â€ just like #Obama used to be,jrbbl,['Obama']
24,"""Obama taught america that a black man can do the same thing a white man can...  F*** up a country"" hahhaha",Diana Dias,[]
25,"gag. RT @HuffPostGreen: Robert Redford thanks Obama for ""standing up to Big Oil"" (VIDEO) http://huff.to/ut7ykcÂ ",Tanner Walle,[]
26,RT @spacepolitics: Cain repeats his criticism of Obamaâ€™s space policy http://dlvr.it/vnks7Â ,Ron Atkins,[]
27,My lady ain't no Michelle Obama  but she be one fine ass bitch.,Backpfeifengesicht,[]
28,Video: A Day of Heavy Diplomacy in Hawaii for Obama http://bit.ly/tjfu8sÂ ,Wysk,[]
29,"I'm at Obama's Old Apt (142 W 109th St, Amsterdam, New York) http://4sq.com/rr02TFÂ ",Dr Urbs,[]
30,@BarackObama how come every American is subject to the decisions of the people/corporations that have the most money? is this freedom?,Nish (Shawn) Maharaj,[]
31,Video: Obama: Penn State Abuse Cause for Soul-Searching http://bit.ly/t5U5eTÂ ,Wysk,[]
32,Video: Obama: Penn State Case Cause for Soul-searching http://bit.ly/tUjYNjÂ ,Wysk,[]
33,#CarrierClassic - President @BarackObama addresses the military & teams on @CVN70 flight deckÂ» http://es.pn/vyfZtQÂ ,Ralph A. Gilmore,['CarrierClassic']
34,Awesome! â€œ@AP: Obama watches No. 1 Tar Heels beat Michigan State 67-55 in Carrier Classic on USS Carl Vinson: http://apne.ws/rNA8hTÂ  -JMâ€,Stephen Elms,[]
35,"Obama, really? Stop talking and do something",Tom Kelleher,[]
36,â€œ@Doctor_Iyo: Damn Michelle Obama look good !â€ man u just gassed,shut up,[]
37,"I was there in #DC! RT @Veganmainstream #Obama Delays #KeystoneXL Decision for 12-18 Months, Pipeline's Future in D... http://tl.gd/e4o58vÂ ",Karens,"['DC', 'Obama', 'KeystoneXL']"
38,"""@BarackObama: This Veterans Day, write a note to thank our veterans for their service: http://OFA.BO/VLRtauÂ """,chuck nwosu,[]
39,Video: Obama Heads to Asia-Pacific Summit http://bit.ly/siKc9fÂ ,Wysk,[]
40,â€œ@Jeannie_Hartley: Will Voters Forgive #Obama for Cutting #SocialSecurity? | The Nation http://www.thenation.com/blog/173771/will-voters-forgive-obama-cutting-social-securityÂ â€¦â€,Just Benji,"['Obama', 'SocialSecurity']"
41,Obama ballin' the fuck up #Moneypic.twitter.com/8bUpVHoeOE,_,['Moneypic']
42,"New to the #MS project: Louis Ortiz,famed Obama impersonator, amazing guy,meta fabulous story,symbolism up the wazoo http://audacitythemovie.com/Â ",NFR,['MS']
43,â€œ@jimrutherfordva: Remember that State Sen #Obama in IL voted 4x to uphold legality of what #Gosnell routinely did.â€.,Eleanor Voutsinas,"['Obama', 'Gosnell']"
44,Better late than never MT @EndingHunger: @BarackObama proposes end to monetized #foodaid http://ow.ly/k0whnÂ  c @BackpackFarm #MDGMomentum,(((Yangbo Du))),"['foodaid', 'MDGMomentum']"
45,"Obama said chill you gonna get me impeached, you don't need this shit anyway just chill with me on the beach",I canâ€™t think of a new name!,[]
46,"â€œ@robfit: Arrested illegals mock Border Patrol ....""Obama's gonna let me out."" Obama has turned the US into a joke. http://radio.woai.com/articles/woai-local-news-119078/obama-will-let-me-out-11180453/Â â€¦â€.",Eleanor Voutsinas,[]
47,"Business start turn all full time job to part time .so they dont have to gove them benefits,Obama work for or against US ?",Mr.Someone,[]
48,"Obama care will secure a health care for everyone,promise they can not secure a lunch for u.",Mr.Someone,[]
49,"I like @tomkeene's title for Jonathan Alter's new book about the White House: ""Divide and Conquer: President Obama, Year Five""",Matt Miller,[]
50,"@DakotaCassidy pope Coz I wana know if he wears getup 24/7,Obama wana know if he curses,&ur awesome so Im sure ur fun in real life lol",Valerie,[]
51,Dear leader Boehner's patronizing attitude  towards President Obama makes one wonder if he knew that our president is black and won. Creepy,Allan Fabian,[]
52,"@DakotaCassidy oooooh unless ppl create ways to b invisible ...then I'm stalking ppl I've been curious about lol like Obama,pope and u :-)",Valerie,[]
53,Yeaaaaa fuck Obama,Tom Patania,[]
54,And then do that essay for Michelle Obama. Which I'm 100% sure she'll never read,Valentina Ascencio-Garcia,[]
55,"RT @Aqua174: Photo: â€œLook, tell Jay-Z to holla at the Treasury Dept. direct, Iâ€™m kinda busy yo.â€ http://tmblr.co/Zfl7ZyiT2wsOÂ  #obama #hiphop",Jason Stein,"['obama', 'hiphop']"
56,@SetStefany I like em too. Them Michelle Obama boss lady types. Not the ones with leopard spots on their asses.,Mr. $hine ğŸ¤´ğŸ¾ğŸ¥ƒ,[]
57,"""Unless I turn into Obama, I ain't paying for shit."" #harlempublic #overheardinny",Kara Sikora,"['harlempublic', 'overheardinny']"
58,"""Edge of Glory"" shall heretofore be known as ""Obama's Theme"" (@ lgbtcenternyc) http://4sq.com/151G9EEÂ ",proko5,[]
59,When does Sasha Fierce... I mean Sasha Obama turn 18. She gone start dating soon and gone need a boyfriend. Somebody tell her I'm available,Wit,[]
60,"Obama's multiyear process of a backdoor endorsement of gay marriage is pathetic.....Republicans should lead...""Pursuit of happiness""..Done..",John,[]
61,"azipaybarah:

In Harlem, where Obama lived. http://bit.ly/fOfXtC via http://outside.in/10031",10031,[]
62,Is President Obama Anti-Business? http://bit.ly/i7WXaF via http://outside.in/10038,10038,[]
63,"Even Obama giving up on Dem's disastrous health plan..

WSJ.com - Obama Supports Health-Law Waiver Proposal http://on.wsj.com/hQTSrU",John,[]
64,Lying in bed with a cold is made more fun watching conservative spokesdouches lose their collective shit over Obama's shift on DOMA.,Jere Keys @ğŸ¡,[]
65,"Redneck word of the day: OBAMA - ""I bought me a bag of stash and smoked it Obama self""",Marilyn P. â™,[]
66,"Oh god, here comes the segment where Gwyneth Paltrow sings.#oscars #obama",CriticBehindCurtain,"['oscars', 'obama']"
67,Why did #Obama have to be seen at the #oscars?!?!,Yonadav Tsuna,"['Obama', 'oscars']"
68,Apparently Barack Obama is a young person walking around downtown LA. #oscars,Yahel Carmon,['oscars']
69,Surprised? President Obama Signs Extension of PATRIOT Act: The Same Act He Railed Against During His Campaign. http://ow.ly/44jk3,Buddhagem,[]
70,Surprised? President Obama Signs Extension of PATRIOT Act: The Same Act He Railed Against During His Campaign. http://ow.ly/1s57O3,Buddhagem,[]
71,David Gregory has been harder on Trumka about Pres Obama than he was with Walker on his BLATANT lies. Fuck.,Brian Thee Aspie,[]
72,Take a second to tweet @BarackObama and ask him to keep his promise: http://www.youtube.com/watch?v=SA9KC8SMu3o #OnWisconsin,twoheadedbah,['OnWisconsin']
73,"@BarackObama Will you walk on the picket line with Wisconsin's workers, as you promised during your campaign?",twoheadedbah,[]
74,"""George W. Obama"" and his new foreign policy: http://lat.ms/hewMsd",Daniele Sobrini,[]
75,"@sonialu Made some Kenyan friend of mine to do it. We gave them Obama and now pizza for dem, Yay for Kenya",Abdullahi Halakhe,[]
76,"@BarackObama 
Glory to God.......en SKPE  Maria jinmenez 
idyhaceddiscipulos",Ministerio Internacional Id y Haced Discipulos,[]
77,@MMFlint Obama ia being weak during these unions protest. He needs to step up with his shoes and get down to the real business.,Leonardo A. Binns II,[]
78,Obama http://bit.ly/hg9F9K via http://outside.in/10462,10462,[]
79,Obama http://bit.ly/exdX07 via http://outside.in/10461,10461,[]
80,â€œ@weeklystandard: Obama Tonight: Yemen and Somalia Are Models of Success (!) http://tws.io/1rJyXneÂ â€ Just like Chicago and Detroit.,Doc Shellback,[]
81,"Oh, I forgot to point to my map of everywhere Obama holds meetings and events in the White House. http://j.mp/1uJcppNÂ ",Philip Bump,[]
82,"@gretawire @FoxNews @BarackObama @jimgeraghty @susanferrechio @McCormackJohn YES, and they are all clairvoyant. That poll means what again?",Len Elmore,[]
83,Obama To Announce US Will Expand Airstrikes On Islamic State: WASHINGTON (CBSNewYork/AP) â€” President Barack Obama... http://dlvr.it/6srgnWÂ ,New York Now,[]
84,President Obama delivering his plan to combat ISIS terrorist group at 9PM EST tonight #news12wc,Naveen Dhaliwal,['news12wc']
85,â€œ@WSJPolitics: A day Democrats never thought would come. Obama has a worse image than George W. Bush. Its a colored polling approach.,FosterArchitecture,[]
86,"Yes ""@USATODAY: Obama pledges to 'destroy' Islamic State http://usat.ly/1rJmvE7Â â€",Chris Miles,[]
87,"â€œ@mtracey: ""Obama has adopted the same view of war powers as the Bush administration.â€ -- John Yoo http://www.buzzfeed.com/gregorydjohnsen/obama-will-fight-isis-with-george-w-bushs-legal-theories#4dduv6sÂ â€¦â€ Because its there",FosterArchitecture,['4dduv6s']
88,"It's pretty remarkable that Obama unveils his war on ISIS on the last day of the 13th year of the ""war on terror.""   http://j.mp/1tyzDy3Â ",Philip Bump,[]
89,"Yes, model on success. RT @nytimes: Breaking News: Obama to Compare Plan for ISIS to U.S Fights in Somalia and Yemen
http://nyti.ms/1rJjeodÂ ",max finkelğŸ´,[]
90,@markknoller I don't know who the less effective leader is.. @nflcommish or @BarackObama ??,Marc,[]
91,"Less talk. More action.  RT @WhiteHouse: At 9pm ET, President Obama will address the nation on our strategy to degrade & destroy ISIL",Alexis Bisagni,[]
92,"@clbikesale @WSJPolitics @WSJ Let's also remember Obama's policies got Bin Laden, two administrations later that we know of.",Richard C. Godfrey,[]
93,@clbikesale @WSJPolitics @WSJ Apples' wonderful spell check at work again. Well let's see how the rest of Obama's term works out.,Richard C. Godfrey,[]
94,@edshow @BarackObama @ThePlumLineGS Joe Varden has been among the most obstructive congressmen; thanks but no thanks!,lepton939,[]
95,Rand Paul will deliver a response to Obama's speech tonight. I'll get my tinfoil hat ready!,Daniel Aubry,[]
96,"@edshow Ds heed GOP's criticism of Obama's deliberation on ISIS strategy
Ds silent through Bush's aggression in Iraq that led 2 ISIS #edshow",A. J. Charles,['edshow']
97,"Se ta complicandi la cosa manana 11 de septiembre y Obama habla esta noche. Mas maldita guerra, toi jarto. @testigo @KennyValdezL",LUIS CONTRERAS,[]
98,@BarackObama @MichelleDBeadle @CNN let's be consistent if we want real change in this world let's not turn it into a popularity contest.,BeeLuvinLife,[]
99,Hey @BarackObama @MichelleDBeadle @cnn why not uproar about a judge who hit his wife got sweet deal & still got his job.wheres the uproar?,BeeLuvinLife,[]
100,"Thereâ€™s an impeach Obama stand in the Times Square subway station. I mean, you canâ€™t wait eleven months?",Juliana Antoninus,[]
101,fox5ny I so bored; changing spunky says go masterbate haha redundant lol @barackobama ohâ€¦ https://www.instagram.com/p/BBhym_2Bxho/Â ,Paris Frelinghuysen,[]
102,I so bored; changing spunky says go masterbate haha redundant lol @barackobama ohâ€¦ https://www.instagram.com/p/BBhym_2Bxho/Â ,Paris Frelinghuysen,[]
103,"#thanksobama #change #gas #obama @ New York, New York https://www.instagram.com/p/BBgRFMTzWjOjJLHA4fGj7hWMdFW9LfJk2RnlB00/Â â€¦",Macho Cordero,"['thanksobama', 'change', 'gas', 'obama']"
104,#DontBernMeBro: Why Sanders is Parroting GOP Talking Points on Obama's Jobs Record  http://www.thepeoplesview.net/main/2016/2/5/dontbernmebro-why-sanders-is-parroting-gop-talking-points-on-obamas-jobs-recordÂ â€¦,Spandan @ TPV,['DontBernMeBro']
105,"Republicans are Jokers especially Rubio the economy is growing, employment under 5% and yet Obama doesn't know what he's doing
be for real",Ademola Oni,[]
106,I think @marcorubio is a broken robot saying the same thing about @BarackObama 3 times in a row as if it's brand new. #GOPDebate,Andrew,['GOPDebate']
107,"Rubio: Iâ€™m the republican barack obama and I hope nobody attacks me about this

Christie: O RLY?",Nelson Pecora,[]
108,â€œRubio: Are you the republican Barack Obama?â€ noice,Nelson Pecora,[]
109,"BBC News - Before Obama & Hillary, there was Shirley Chisholm, 1st black woman to run for president in 1972 http://www.bbc.com/news/magazine-35057641?SThisFBÂ â€¦",Justine Calma,[]
110,#DontBernMeBro: Why Sanders is Parroting GOP Talking Points on Obama's Jobs Record  http://www.thepeoplesview.net/main/2016/2/5/dontbernmebro-why-sanders-is-parroting-gop-talking-points-on-obamas-jobs-recordÂ â€¦,Spandan @ TPV,['DontBernMeBro']
111,"@TheEllenShow @BarackObama yes Ellen, that is going to b so cooool if u get @POTUS to play that game.",jennifer,[]
112,An important proposal for transportation investment: Obama to propose $10-a-barrel oil tax http://www.politico.com/agenda/story/2016/02/obama-oil-tax-budget-000038?cmpid=sf#ixzz3zEUJ4vxpÂ â€¦,Alexander Bryden,['ixzz3zEUJ4vxp']
113,President Obama in the Bronx last year. #Throwback @ Lehman College https://www.instagram.com/p/BBWPlhRvKxKReYvXOaMkN2harAZ1Bub_fS-GGg0/Â â€¦,Andre C. Rivera,['Throwback']
114,"For the lovers and the haters... It's official: one more year! 
Agora Ã© oficial titio Obamaâ€¦ https://www.instagram.com/p/BBVaVkfnYkA/Â ",Flavia Simoes,[]
115,"Gm. When I'm boss, this is how I wanna be. #obama @ First Baptist Church Inc https://www.instagram.com/p/BBUmM2DnknJ/Â ",JoeGenaoFilms,['obama']
116,"Continuando a serie #newyork ... #obama #dumbo #brooklyn @ DUMBO, Brooklyn https://www.instagram.com/p/BBUlh1StyRt/Â ",Fernando Innecchi,"['newyork', 'obama', 'dumbo', 'brooklyn']"
117,@MatthewMcClusky thanks Obama,zach,[]
118,"Michelle Obama Sighting: New York, New York/ Grand Hyatt http://bit.ly/20FcoE6Â  @1stLadyObama @MichelleNews",Pulse: Celebrity Updates,[]
119,Michelle Obama and Lena Dunham speak about Media That Matters #letgirlslearn @lennyletterâ€¦ https://www.instagram.com/p/BBS5ONjiyT3/Â ,Todd Haskell,['letgirlslearn']
120,"Instead of playing golf on Tues, God forbid Obama goes to Xmas Eve Svcs..ALONG w condemning the bombings targeting Christians yest in Iraq.",Brandon W. ğŸ‡ºğŸ‡¸,[]
121,@Free_Media_Hub . Obama had mentioned intervention but as soon as he did the Republicans shot him down,Barbara Smith,[]
122,Obama signs bill that cracks down on sexual assault in the military: President Barack Obama has signed into law a... http://dlvr.it/4ZyB4hÂ ,New York Now,[]
123,What kind of man drone strikes exponentially on Christmas Day? @BarackObama  you are the most disingenuous person I have ever known,Ecosutra - Film @ Link,[]
124,"@TheReidReport @andie_walsh He should know that msnbc only worships one person, their messiah obama.",Mike,[]
125,We're excited to hear that @BarackObama and @MichelleObama received a gift basket from @IslandOliveOil.  We're honored!,Island Olive Oil,[]
126,@BarackObama I know you are on vacation but this child need your help. Please help us #findAvonteÂ #autismÂ pic.twitter.com/ZZXdPpZcMh,We Need To Get Trump Out The White House. ASAP!,"['findAvonte', 'autism']"
127,Obamas slip away from beach to honor military members on Christmas: President Barack Obama stepped away from the... http://dlvr.it/4ZsG0cÂ ,New York Now,[]
128,The real Barack Cc @BarackObama pic.twitter.com/Pm0wHLb4un,matt lurrie,[]
129,I think the criminals trying to get President Obama to do a appearance in Newark because their Wilding out. Like babies ? Seriously,Niaaaa,[]
130,Us Conservatives knew exactly how Obama would turn out. Too bad they didn't listen. #repealobamacare,Cory,['repealobamacare']
131,@WhiteHouse @FLOTUS @BarackObama It could have been a better Christmas if the Vets and ASM had their full pay & pensions. That's a lil help,Bill Vanglahn ğŸ‡ºğŸ‡¸,[]
132,The same to you both! â€œ@BarackObama: Merry Christmas. pic.twitter.com/ZsjaWasDMmâ€,WeThePeople2013,[]
133,@BarackObama ,Ava Saltzman,[]
134,@BarackObama haan you ma nigga,sebastian,[]
135,@BarackObama Merry Christmas to the first family.,Roger McDore,[]
136,"@mgrossi1 @LiberalPhenom Classic liberal/obama cult member tactic, when all else fails cry racism! 
Sharpton has taught you well.",Mike,[]
137,it wouldn't be a holiday without my grandpa bashing Obama #merrychristmas,Kelly,['merrychristmas']
138,â€œ@BarackObama: Merry Christmas. pic.twitter.com/hV0f7yTwEWâ€ my son,Tayo,[]
139,"There's a storm coming MT @RalstonFlash: Rubio says Obama will move America ""into the dark days of history."" Christopher Nolan could direct.",John Heilemann,[]
140,Hey @davidaxelrod what do you say to this? RT @JoDiffenbaugh: @jheil Did you read http://nbcnews.to/PaXFZKÂ  Romney trashing Obama In Israel?,John Heilemann,[]
141,Michelle Obama is childish. why would you be speaking at UNCG when nobody is there,lolita,[]
142,"So, liberal media, you're telling me i should more upset about what Mitt Romney does with HIS money, than what @BarackObama does with MINE?",Patrick Slyman,[]
143,"After 3 weeks of their obnoxious messages, I finally found the hidden unsubscribe link on the Campaign to Defeat Barack Obama emails. Phew.",Nick Carbone,[]
144,@LiberalPhenom Good to hear!! Obama 2012!!!,ObamaCrat,[]
145,@OTOOLEFAN @PoliticsNorth @JoeNBC This is why #Obama should have went hard left- he was going to be called a socialist anyways. #p2 #GOP,John Francis Kelly,"['Obama', 'p2', 'GOP']"
146,"If you guys think #Obama handled TARP better than #Bush, you should read Neil Barofsky's new book #Bailout. Horrifying. #p2 #GOP #teaparty",John Francis Kelly,"['Obama', 'Bush', 'Bailout', 'p2', 'GOP', 'teaparty']"
147,It's great to have someone like that against Obama. He's going to do all the damage to himself! Just watch him go! http://www.care2.com/causes/mitt-to-brits-you-suck.htmlÂ â€¦,Damian Monzillo,[]
148,"Obama, GOP continue confrontation on taxes - http://yhoo.it/LUNIUQÂ ",DAVID DJ SKY,[]
149,@BarackObama up at least 2 but up to 6 points in 4 of 7 polls! #Election2012 - General Election: #RomneyvsObama http://bit.ly/eLHNcQÂ ,Kingjajapromotions,"['Election2012', 'RomneyvsObama']"
150,"""Churches should not be built in Islamic countries"": Obama say, ""respect it!"" ""Former PM HH Sheikh Nasser Mohamm... http://bit.ly/QNVOQIÂ ",Kurt L Hanson,[]
151,RT Obama's #epicfail: Afghan NATO Guards Defect to Taliban After Dispute: Imagine how many we don't know about. Isl... http://bit.ly/QOlgFNÂ ,Kurt L Hanson,['epicfail']
152,"Many** ""@MikoChan87: it's so awesome how all the british love the queen and respect her while here in america obama's got some haters.""",Ë¢áµƒÊ·Ê·áµƒË¡,[]
153,Same for those of us who have volunteer tutored. RT @BarackObama: RT if you know the feeling: pic.twitter.com/XUKqBWjuâ€,CindyOlson,[]
154,RT @djdnice: You already know that I'm a President @BarackObama supporter. #Gen44 #Deejaysforobama http://myloc.me/qclzMÂ ,john green,"['Gen44', 'Deejaysforobama']"
155,@MittRomney. Whenever I'm seeing Barack Obama on TV I want to change the channel right away because he's not inspiring.,domingo victor sison,[]
156,"Listening to my mom, Alma, & Barb talk about the presidential election makes me want Obama to win even more. Seriously, Shut up. #Obama2012",bobby.,['Obama2012']
157,"@BarackObama are you on g chat? 
-thx",rick jacques,[]
158,"Video: Romney, Obama Tussle Over Support for Israel http://bit.ly/O68zBuÂ ",Wysk,[]
159,#scopenyc #obama #nyc #scopenyc @ SCOPE Art Show https://www.instagram.com/p/Bgrs2x3HEBT/Â ,Emma,"['scopenyc', 'obama', 'nyc', 'scopenyc']"
160, RT @BarackObama: Have fun out there among the stars. pic.twitter.com/xNUw32JeBB,SPANkS ğŸ’â„¢ï¸,[]
161,Even a life long Republican (now Independent) admitted President Obamaâ€™s policies made Americansâ€¦ https://www.instagram.com/p/BgSlCfmANjn/Â ,Chantay Berry,[]
162,There were more white Obama 2012 voters who supported Trump than black Obama 2012 voters who stayed home in 2016 -- but it's hard not to consider how a small shift in that latter group would have changed the result. http://wapo.st/2FAopFYÂ ,Philip Bump,[]
163,"Carrying a president at a campaign event live for his entire speech? Happened when Obama stumped for Coakley in 2010, too. http://wapo.st/2pauKkrÂ ",Philip Bump,[]
164,This survey suggests that 1.6 million black Obama 2012 voters didn't cast ballots in 2016. http://nyti.ms/2HjOLwgÂ ,Philip Bump,[]
165,People keeping hope alive #obama #nyc @ Midtown https://www.instagram.com/p/BgHQ2D5BMAS/Â ,Carlo Villafuerte,"['obama', 'nyc']"
166,"Seems this cat is missing! 
.

#streetphotograph #flyer #eastvillage #obama #obamaloveâ€¦ https://www.instagram.com/p/BgHJmChlA8x/Â ",Joan Lebow,"['streetphotograph', 'flyer', 'eastvillage', 'obama', 'obamalove']"
167,"Trump Said ""It Wasn't Me!"", Little Girl Meets Michelle Obama, & Black Panther is Taking Over!  http://bryantsinspiration.squarespace.com/blog/2018/3/8/trump-said-it-wasnt-me-little-girl-meets-michelle-obama-black-panther-is-taking-overÂ â€¦",Bryant Collins,[]
168,"â€œWhen they go low, we go highâ€ -Mrs. Obama  | : davidmurophotography
.
.
.
.
.
@stylecollecâ€¦ https://www.instagram.com/p/BgAZPQtlIVc/Â ",Excuse My Midwest,[]
169,You know who's not doing as well financially under Trump as he did under Obama? Trump. http://wapo.st/2D3Ppf6Â ,Philip Bump,[]
170,#5to7 is one of my favorite recent independent films! Obama was still the president. I love theâ€¦ https://www.instagram.com/p/Bf99bphnVg5/Â ,Hilary Dare,['5to7']
171,"""You're just TOO DUMB "" Liz Wheeler DESTROYS Mitchell Obama https://youtu.be/ZcXlZ57GVeMÂ  via @YouTube",Armileo I. De Mecano,[]
172,Obama no pote  04.11.2017 @ Alice's Tea Cup https://www.instagram.com/p/Bf0UTQoHjtI/Â ,Leonardo SÃ¡,[]
173,Techies Pitch Barack Obama on Building Startups Outside Silicon Valley http://tinyurl.com/y8hvdkkaÂ  #tech #business,Sal Mancuso,"['tech', 'business']"
174,Yesterday was a day to remember. President Obama's My Brother's Keeper Foundation was aâ€¦ https://www.instagram.com/p/BfwJKsIBg6_/Â ,MaÎ©UEveli,[]
175,"When they go Low 
We go High
~
Michelle Obama 
â€¢
â€¢
â€¢
â€¢
@maymultimedia
#followmaymultimediaâ€¦ https://www.instagram.com/p/BfvjLG_DdlS/Â ",MayMultiMedia,['followmaymultimedia']
176,Yesterday doing an event at the top of the #worldtradecenter where Michelle Obama gave anâ€¦ https://www.instagram.com/p/BfvfKUFFvKn/Â ,Sean P Gallagher,['worldtradecenter']
177,"Former President Obamaâ€™s Drug Czar commending my work with http://Dr.GoldÂ  on drugs, alcohol, opioidâ€¦ https://www.instagram.com/p/BdtgzvInlhn/Â ","Eric Braverman, MD",[]
178,"THAT, my friends, is Michelle Obama, mere inches from me, being herâ€¦ https://www.instagram.com/p/BfugXogAvucdMjYNDp71W9nehN6y3ePqgskZ9g0/Â â€¦",Julie Holcombe Young,[]
179,One of the most striking things to me was the ad mocking #lincoln for his wanting to end slavery. Seemed to be a bit similar to trump mocking Obama to me. #museumofcityofnewyork #nycâ€¦ https://www.instagram.com/p/BrCHPGNBjqW/?utm_source=ig_twitter_share&igshid=16l91r5cgxpzcÂ â€¦,Johanna GriesÃ©,"['lincoln', 'museumofcityofnewyork', 'nyc']"
180,Michelle Obama! #michelleobamabecoming #barclayscenter #michelleobama #firstlady #godblessamerica #brooklyn #katsdelicatessen #westvillage @ Barclays Centerâ€¦ https://www.instagram.com/p/BrCEp_Pnf47EJRusbgY9TyhwfBJOE07KNMbXWk0/?utm_source=ig_twitter_share&igshid=1qe5vm10ogce9Â â€¦,EShaw,"['michelleobamabecoming', 'barclayscenter', 'michelleobama', 'firstlady', 'godblessamerica', 'brooklyn', 'katsdelicatessen', 'westvillage']"
181,"President Bush passes Michelle Obama a piece of candy again..() @ Staten Island, New York https://www.instagram.com/p/BrA8sv9Buj6zv5GXZyM-v-Zx1TBvPS_IsN29JI0/?utm_source=ig_twitter_share&igshid=fqintgms2qpiÂ â€¦",Eva,[]
182,"Over the course of each's second year in office, the Dow and S&P has grown less under Trump than Obama. Over the course of each's presidency to this point, percentage growth was higher under Obama.  https://wapo.st/2Plld58Â ",Philip Bump,[]
183,"SÃ­ndrome do Impostor: Se atÃ© a Michelle Obama tem, vamos olhar para a nossa sÃ­ndrome com outros olhos  https://www.thelolla.com/blog/sndrome-do-impostor-se-at-a-michelle-obama-tem-vamos-olhar-para-a-nossa-sndrome-com-outros-olhosÂ â€¦",Rosa Zaborowsky,[]
184,"#Repost fox5ny with get_repost
ãƒ»ãƒ»ãƒ»
Michelle Obama's memoir is already the best-selling book of 2018 according to publisher Penguin Random House.
#politics #America #books @ New York, Newâ€¦ https://www.instagram.com/p/Bq9DCpan8O2/?utm_source=ig_twitter_share&igshid=103sw7r0n9d2vÂ â€¦",Kevin Deshields,"['Repost', 'politics', 'America', 'books']"
185,Michelle Obama e o movimento Lean In de Sheryl Sandberg   https://www.thelolla.com/blog/michelle-obama-e-o-movimento-lean-in-de-sheryl-sandbergÂ â€¦,Rosa Zaborowsky,[]
186,"The coolest. Michelle Obama. How we miss her.
#AmericanSon @ New York, New York https://www.instagram.com/p/Bq541T8HGQ0/?utm_source=ig_twitter_share&igshid=e4d7bk4qd3k8Â â€¦",steven pasquale,['AmericanSon']
187,With my Jackie Robinson Foundation family at Becoming: An Intimate Conversation with Michelle Obama last night! Michelle came with such realness and covered so many topics that spoke rightâ€¦ https://www.instagram.com/p/Bq5jg7xncMM/?utm_source=ig_twitter_share&igshid=jowhabgcj12jÂ â€¦,theEssenceofChi,[]
188,I want to be Michelle Obama when I grow up  Last night was incredible!! @ Barclays Center https://www.instagram.com/p/Bq4z3CdB7olg5HfkWHHNo75lGqplB-dzNMb51E0/?utm_source=ig_twitter_share&igshid=1ry5vclnf6uoqÂ â€¦,Kate Shields Allen,[]
189,"Coming soon to http://Skankdollar.comÂ  
Speaking of troubleman31 his #USorELSE project has been a turning point in my Trump opinion But not my Obama one. He's. Black, I'm black. , and Gay marriageâ€¦ https://www.instagram.com/p/Bq4w94PnuNQ/?utm_source=ig_twitter_share&igshid=49r60tfo198rÂ â€¦",Live from da T.r.a.p,['USorELSE']
190,"Tonight's take away... ""Donâ€™t be afraid. Be focused. Be determined. Be hopeful. Be empowered."" ~Michelle Obama #Becoming

I leave work ready to quit EVERYDAY!!!! I NEEDED this! My soul hasâ€¦ https://www.instagram.com/p/Bq4wexcFwH7/?utm_source=ig_twitter_share&igshid=sebo581pxx5vÂ â€¦",Renai,['Becoming']
191,"Michelle Obama told me to respect myself (she told an entire arena, but Iâ€™m sure it was aimed towards me). So thatâ€™s what Iâ€™m going to do.  @ Barclays Center https://www.instagram.com/p/Bq3_31WHBWhZ-DxjhQU05w9kZwSerEcjIyqATQ0/?utm_source=ig_twitter_share&igshid=1ozd3qc2ihmh0Â â€¦",Katarina,[]
192,Boss Michelle Obama; Purse so heavy gettin Oprah dollars @ Barclays Center https://www.instagram.com/p/Bq3_onznNtskYFUlidQYKWJ_d6WMfxzTpGMy6U0/?utm_source=ig_twitter_share&igshid=1bss7nkvli7q1Â â€¦,Katarina,[]
193,Michelle Obama was awesome! #becoming #michelleobama #becomingmichelleobama @ Barclays Center https://www.instagram.com/p/Bq32mr-gjtq/?utm_source=ig_twitter_share&igshid=z5d0bdzgl4kcÂ â€¦,Suzanne Diano,"['becoming', 'michelleobama', 'becomingmichelleobama']"
194,"Michelle Obama in Brooklyn tonight. Honest, Funny and so inspiring. Who are you Becoming? @ Barclays Center https://www.instagram.com/p/Bq30M-hnLboQGT7Rgctt6cMRGcKiU1ns8eXMF40/?utm_source=ig_twitter_share&igshid=1vzhrtvxcfpnjÂ â€¦",Cheryl,[]
195,#ThankYouHSF for allowing to see one of the most influential political figures that Iâ€™ve seen in my lifetime in Brooklyn. Michelle Obama was very inspirational! #HSFImpact #HSFScholarâ€¦ https://www.instagram.com/p/Bq3xT7xh-8t/?utm_source=ig_twitter_share&igshid=1t2eu4ry1c0eeÂ â€¦,Bronx Savages,"['ThankYouHSF', 'HSFImpact', 'HSFScholar']"
196,"Michelle Obama // Becoming // Smart, funny, compassionate, and an inspiration to millions. Thank you Michelle, for reminding us that working hard and being kind are two of the greatestâ€¦ https://www.instagram.com/p/Bq3wMgABL7c/?utm_source=ig_twitter_share&igshid=1ogl71wogyioyÂ â€¦",Allison Rapp,[]
197,"An evening with our #ForeverFirstLady Michelle Obama. Tonight I experienced an intimate conversation with the former First Lady. It was filled with words of advice, encouragement, andâ€¦ https://www.instagram.com/p/Bq3uS13FE3a/?utm_source=ig_twitter_share&igshid=e9xbvxb3ks0kÂ â€¦",Rasheeda,['ForeverFirstLady']
198,Michelle Obama Becoming Book Tour @theBarclaycenter. @ Barclays Center https://www.instagram.com/p/Bq3gXRglVJc/?utm_source=ig_twitter_share&igshid=121132pz66g48Â â€¦,Leaders for Life Inc,[]
199,Michelle Obama in the house.  @ Central Park in NYC https://www.instagram.com/p/BL7GBbdAVgR/Â ,Pinsi,[]
200,When your son so #HTiNE ...  ! Barack Obama Rose  @ Cowgirl https://www.instagram.com/p/BL4fdKcg_Np/Â ,iMANi ROSEğŸ’‹,['HTiNE']
201,"Listening to #marthastewart and Megan Smith, the head of technology for the Obamaâ€¦ https://www.instagram.com/p/BL4TB8ojA-Q/Â ",michele varian,['marthastewart']
202,"So @realDonaldTrump is calling the #Obama's whiny babies, I think he is confusing himself with them, he is #King of the whiners",jennifer,"['Obama', 'King']"
203,I don't blame him. #election2016 #vote #rockthevote #obama #whitehouse #vote2016 @ White Houseâ€¦ https://www.instagram.com/p/BL2PxThjTmR/Â ,Chris P,"['election2016', 'vote', 'rockthevote', 'obama', 'whitehouse', 'vote2016']"
204,So Trump is taking shots at Michelle Obama now. I didn't know scorched earth tactics included setting YOURSELF on fire.,Stanley Read,[]
205,I can't make this shit up #realityseenmedia We Gave Everybody Free Obama Care! They hear and seeâ€¦ https://www.instagram.com/p/BL0Lu-eDJex/Â ,TV,['realityseenmedia']
206,Wikileaks may have revealed President Obama's personal email address http://nyp.st/2er16lEÂ ,New York Now,[]
207,Fui lÃ¡ falar com o Obama sobre esse time lindo... @ Casa Branca -â€¦ https://www.instagram.com/p/BLzwfIyD8op6FLrLngbx7j5TvLoSRvBTH13o100/Â â€¦,LaÃ­s FICA EM CASA PORRA ğŸ¤¬ğŸ˜¡,[]
208,The man once known as â€œObamaâ€™s favorite generalâ€ has now pleaded guilty to the felony charge of lying to the FBI http://nyp.st/2emXDIAÂ ,New York Now,[]
209,"BRILLIANT, BLACK, BEAUTIFUL 
MICHELLE AND BARACK OBAMA.

WE THANK THE OBAMAS FOR 8 YEARS OFâ€¦ https://www.instagram.com/p/BLyKFq9jvr8/Â ",Calabar Imports,[]
210,"Donald Trump's final comments: ""We cannot take four more years of Barack Obama and thatâ€™s what you get when you getâ€¦ http://toplocalnow.com/us/new-york-cityÂ â€¦",New York Now,[]
211,In #NYC by night My #lastdebate #hillaryclinton  #SaveAmerica  #tlc #yellowcab #obama #USAâ€¦ https://www.instagram.com/p/BLxK9TChA43/Â ,Stany Coppet,"['NYC', 'lastdebate', 'hillaryclinton', 'SaveAmerica', 'tlc', 'yellowcab', 'obama', 'USA']"
212,Is anyone surprised that Trump spent more time talking about Hillary and Obama than why we should vote for him?,Ms. Mo,[]
213,Sound abt right RT @cthagod: Trump said If you vote4 Hillary then you're getting 4 more years of Obama Im perfectly fine with that #Debates,Kakashi Hatake Wifey,['Debates']
214,REALLY DONALD??!!! HILARY & OBAMA PAYED PEOPLE TO GET BEAT UP & ATTACKED AT YOUR CAMPAIGN RALLYS?!,FutureHive,[]
215,For those who tout that Obama and Clinton are treasonous and should be punish to death or jailâ€¦ https://www.instagram.com/p/BLxFgK6DA7B/Â ,David M Estrella,[]
216,"Donald J. Trump: â€œPutin has outsmarted her and Obama every single step of the way"" debate http://toplocalnow.com/us/new-york-cityÂ â€¦",New York Now,[]
217,Now you don't know Putin!!! You just said they don't respect Obama and Hilary #debates ,Kakashi Hatake Wifey,['debates']
218,@Nik_Hutch and I are ready to meet @barackobama  #AriGettyPresents  heading to @unfoundationâ€¦ https://www.instagram.com/p/BLwvRxMA5v3/Â ,MARKUS MOLINARI,['AriGettyPresents']
219,"So Cheeto Satan has sent 43,000 tweets just from when he started occupying the White House while President Obama only sen 352. I have sent just over 2,000. In the 12 years I've been on here. Doesn't Cheeto have a job to do? Who has that much free time to be on social media?",Vena M,[]
220,He was afraid of bumping into Obama there and terrified of the comparison.,@Peralandra,[]
221,Thereâ€™s always two sides to a story but let me get back to reading Michelle Obamaâ€™s book.,C. Taylor,[]
222,"@realDonaldTrump So, another fat LIE from the #RacistInChief that Putin outsmarted Pres Obama.
The only ones that Putin outsmarted is you, your dumb family and incompetent aides. That's why most are in prison or agents of Russia, like you are TRAITOR.
#WLB #PutinsPuppet #MAWA",Antoinette Wynn,"['RacistInChief', 'WLB', 'PutinsPuppet', 'MAWA']"
223,"Too bad US leadership is so weak with you & #Dimwit @realDonaldTrump at the helm, maybe we could have asserted leadership if we had a real president like @BarackObama",David Carroll,['Dimwit']
224,Contrasting visuals with Obamaâ€™s coming visit,Tara Sweeney,[]
225,Obama is visiting Denmark next month - did Trump fear being overshadowed by him? â€“ Raw Story #Topbuzzhttp://va.topbuzz.com/s/FdxYeUÂ ,Alonzo Golden,['Topbuzzhttp']
226,"This is a good one for the, â€œwhat if Obama did this,â€ game.",Karen Collins,[]
227,I miss Obama.,Brad Tucker,[]
228,He wishes he could be as cool as Obama as smooth as Obama https://twitter.com/CraigCo62/status/1164257143794655232Â â€¦,Kenny Soto,[]
229,"Interest rates started increasing towards the end of Obamaâ€™s turn especially as austerity was ending. Obama had a weak but growing economy, trump has a weak and shrinking economy.",David Carroll,[]
230,"While it is true that Hannity would have had a brain aneurysm, don't act like Obama wasn't deified by the liberal media. He won a Nobel Peace Prize for nothing, just like your regular affirmative action baby. @BretBaier @SandraSmithFox @marthamaccallum @ShannonBream @BillHemmerhttps://twitter.com/oliverdarcy/status/1164253622621954048Â â€¦",Deliciously Unwoke,[]
231,"list of all the things adults told me were satanic:
PokÃ©mon 
Harry Potter
Bionicle
The Game of Life: Star Wars Edition
Perfect Dark Zero
Female super heroes in general 
Barak Obama
UnderÃ¸ath
Any time any character projects a beam, whether of light, elemental, psychic force, etc.",once i learn a D7add9 chord its OVER for yall,[]
232,"Positivity on repeat: A really good story, and Michelle and Barack Obama.  #netflixandchillhttps://twitter.com/BarackObama/status/1164192919047299072Â â€¦",The Fashion Plate Magazine,['netflixandchillhttps']
233,"I wish MSM would stop covering him. Pretend there is no fool in thre WH. Better yet, letâ€™s pretend Obama is still in office or alternatively that Hilary is & conduct our lives accordingly. I canâ€™t live this horror much longer.",sweetdee_nyc,[]
234,I'm sure the right would have reacted similarly had Obama said those exact words in that exact context,Truth2Power,[]
235,Asking President Obama to show his birth certificate. https://twitter.com/fras99/status/1163985658173644801Â â€¦,Libby Gurgis,[]
236,Ibel and an Obama look alike. She's like royalty. @ Victor's Cafe https://www.instagram.com/p/BWTOO-Hhssm/Â ,Ted Hartlett,[]
237,Estas carnitas de pato no las tiene ni Obama. O sÃ­? @ Cosme NYC https://www.instagram.com/p/BWOvTHxACEB/Â ,Jair Trejo,[]
238,Depois de tanta Casa Branca acho que Ã© o momento certo de postar meu close com Obama.  #tbtâ€¦ https://www.instagram.com/p/BWOEbzVDvyQ/Â ,Juliana,['tbt']
239,#jerseycitylawyer DOL Signals That It Will Not Support Obama Era Salary Basis Test http://dlvr.it/PShzMKÂ  @jdsuprapic.twitter.com/SxEAeg48ma,"Artusa Law Firm, P.C",['jerseycitylawyer']
240,#thetrumpreport Trump pivots to attack Obama when asked if Russia meddled in the election - Businessâ€¦ http://dlvr.it/PShGmbÂ  #artusalawfirmpic.twitter.com/qeAkQADqUP,"Artusa Law Firm, P.C","['thetrumpreport', 'artusalawfirmpic']"
241,#thetrumpreport Trump in Europe slams Obama for doing nothing amid Russia election meddling -â€¦ http://dlvr.it/PSgFvjÂ  #artusalawfirmpic.twitter.com/SS1gzL0moE,"Artusa Law Firm, P.C","['thetrumpreport', 'artusalawfirmpic']"
242,"#thetrumpreport Trump blames Russia for election meddling, faults Obama for doing nothing -â€¦ http://dlvr.it/PScKVWÂ  #artusalawfirmpic.twitter.com/bnNatSVOGa","Artusa Law Firm, P.C","['thetrumpreport', 'artusalawfirmpic']"
243,because after the election Pres Obama would have more flexibility?,Just Greg,[]
244,That was a good one!! Look at all these fireworks the whole world is doing for Malia Obama! Thisâ€¦ https://www.instagram.com/p/BWJbi2WhmZS/Â ,Buy My Book Please!,[]
245,This youthful man charles_godfred affectionately nicknamed 'Obama' is a neighborhood figure nearâ€¦ https://www.instagram.com/p/BWIiqfhnDWO/Â ,Michael Dote,[]
246,@Solutioneer72 @SenateGOP the only reason they want to repeal is Obama passed it. Only 16% want it. Sad day for US and racism,Alescia Bailey,[]
247,My little bros #hiphop #impressions #obama #trump #christopherwalken #jewish #oyvey #brothers @â€¦ https://www.instagram.com/p/BWHFGw6FnHb/Â ,thesilkysavage,"['hiphop', 'impressions', 'obama', 'trump', 'christopherwalken', 'jewish', 'oyvey', 'brothers']"
248,#thetrumpreport Resolved: Barack Obama is better at Twitter than Donald Trump - Washington Post http://dlvr.it/PRvty4Â  #artusalawfirmpic.twitter.com/2BYyEahRom,"Artusa Law Firm, P.C","['thetrumpreport', 'artusalawfirmpic']"
249,"#actually
Obama is better at Twitter than Trump.
 http://wapo.st/2tIP1CuÂ ",Philip Bump,['actually']
250,same as when Pres Obama flipped middle finger at people. Shame. Which is worse?,Just Greg,[]
251,"Some writer, poet, philosopher or show biz person said this ""you cannot buy dignity""....#obamaâ€¦ https://www.instagram.com/p/BV-tFPWlhIn/Â ",Jun Ishida,['obama']
252,"Obama the Weak, has surely passed on all of his responsibilities to the next President!",Joann Ivaldi,[]
253,#jerseycitylawyer EPA and Army Corps of Engineers Propose to Rescind Obama Era Rule Redefining â€œWaters ofâ€¦ http://dlvr.it/PRFmp4Â  @jdsuprapic.twitter.com/8BqdEXcESL,"Artusa Law Firm, P.C",['jerseycitylawyer']
254,OBAMA LET DOWN HIS HOME TOWN CHICAGO,AC,[]
255,#thetrumpreport Donald Trump's relationship with Barack Obama slumps to new low after latest Twitterâ€¦ http://dlvr.it/PR2mRsÂ  #artusalawfirmpic.twitter.com/rUJrD7EAnx,"Artusa Law Firm, P.C","['thetrumpreport', 'artusalawfirmpic']"
256,"I can't stop laughing, this clown links a moronic graph that everyone laughed about when published, Warren didn't win anything and lost her home statehttps://twitter.com/ThaFreedomSuite/status/1257814156184621056?s=20Â â€¦",ğ˜ğ˜¢ğ˜¥ğ˜¦ ğ˜›ğ˜¶ğ˜³ğ˜¯ğ˜£ğ˜¶ğ˜­ğ˜­ ğŸ¦º,[]
257,What did yâ€™all really expect Obama to do with a republican majority Congress & Senate? https://twitter.com/ezekielcaselton/status/1257128102188154880Â â€¦,ğŸ‡¯ğŸ‡²,[]
258,"And it's baffling that you don't see the problem with your argument. You're saying ""she's definitely lying because ________"" - and the reasons you give are a bunch of *questions*",Ho Logic,[]
259,What a clown,ğ˜ğ˜¢ğ˜¥ğ˜¦ ğ˜›ğ˜¶ğ˜³ğ˜¯ğ˜£ğ˜¶ğ˜­ğ˜­ ğŸ¦º,[]
260,"Lol who said she got the place wrong? Dude - your sleuthing abilities are already amateur af, so definitely too inadequate for you to pick apart what could or couldn't have happened almost 30 years ago in a place you only read about",Ho Logic,[]
261,She supported Obama and didn't want to hurt him. Also her daughter was young and didn't want her to be in the public light.,balloonslayer,[]
262,I canâ€™t wait! I know BTS will deliver an amazing speech after they spoke at the UN.,IUxSugaâ· ğŸ¨ğŸ»ğŸ¯,[]
263,thank Youï½,taynewjemfre,[]
264,OBAMA is a traitor.,Creeker,[]
265,"AmanhÃ£ sai o documentÃ¡rio da Michelle Obama no netflix heim, sÃ³ isso bjs",Cami,[]
266,"Right, because @BarackObama would have chosen someone who was ""the type"" to both cheat on his wife and commit sexual assault to announce as VP the month after the Edwards scandal broke.",democrattotheend ğŸŒŠ#BlueNoMatterWhoğŸŒŠ,[]
267,I love it,Vizacomm,[]
268,BREAKING: New Coup Docs Just Released Appear To Point To Obama Calling S... https://youtu.be/7EYrTzVt8VYÂ  via @YouTube,fernando polanco,[]
269,Doesn't really matter who they replace Biden with - we all know it will be Obama pulling the strings.,Guns&Moses ğŸ‡®ğŸ‡±,[]
270,Obamaâ€™s alma mater  !!!,Lana ğŸ‡©ğŸ‡²,[]
271,Biden will have to address the Kids in Cages bc it started with Obama/Biden Admin.,Carol's Candy,[]
272,Thank you @BarackObama. Addressing the seniors is such a beautiful gesture for these kids who will never get this year back. I miss having the grace and empathy of a real President.,Jodie L.,[]
273,"Trump repeatedly has said supply chain issues were not his fault because ""the cupboards were bare"" from Obama.  For 3 years he did nothing. Even when in Jan his team was warning him and telling him to stop exporting, to start stocking, he didn't listen. https://twitter.com/NorahODonnell/status/1257802872630251527Â â€¦https://twitter.com/atrupar/status/1257802182876975104Â â€¦",Eric Hileman ğŸ‹ğŸ”¥ğŸ‹ğŸ”¥,[]
274,"As in, Media and Obama needing to interfere in the primaries, you mean that ""support""",ğ˜ğ˜¢ğ˜¥ğ˜¦ ğ˜›ğ˜¶ğ˜³ğ˜¯ğ˜£ğ˜¶ğ˜­ğ˜­ ğŸ¦º,[]
275,President Barack Obama will headline a televised prime-time commencement address for the Class of 2020 â¦@chicagotribuneâ© Just what we need....balm for the soul #inspirationhttps://www.chicagotribune.com/nation-world/ct-nw-barack-obama-tv-commencement-address-20200505-pgqn3ibpq5epbnzy3scutrjvim-story.htmlÂ â€¦,ğŸŒAlice KorngoldğŸ—½,['inspirationhttps']
